{
	"credit": "Made with Blockbench",
	"ambientocclusion": false,
	"texture_size": [30, 30],
	"textures": {
		"0": "item/glass_bottle/btn_arrow",
		"1": "item/glass_bottle/btn_blank",
		"particle": "item/glass_bottle/btn_arrow"
	},
	"elements": [
		{
			"from": [-8, -4, -8],
			"to": [24, 28, 24],
			"rotation": {"angle": 0, "axis": "y", "origin": [8, 12, 8]},
			"faces": {
				"north": {"uv": [0, 0, 16, 16], "texture": "#0"},
				"east": {"uv": [0, 0, 16, 16], "texture": "#1"},
				"south": {"uv": [0, 0, 16, 16], "texture": "#1"},
				"west": {"uv": [0, 0, 16, 16], "texture": "#1"},
				"up": {"uv": [0, 0, 16, 16], "rotation": 180, "texture": "#1"},
				"down": {"uv": [0, 0, 16, 16], "rotation": 180, "texture": "#1"}
			}
		}
	],
	"display": {
		"head": {
			"translation": [0, -7, 0],
			"scale": [0.5, 0.5, 0.5]
		}
	}
}