{
	"credit": "Made with Blockbench",
	"texture_size": [128, 64],
	"textures": {
		"0": "item/glass_bottle/canoe",
		"particle": "item/glass_bottle/canoe"
	},
	"elements": [
		{
			"from": [6.125, -5.99843, 14.47811],
			"to": [9.8, -3.99843, 16.97811],
			"rotation": {"angle": -45, "axis": "x", "origin": [8, 3.39402, 8]},
			"faces": {
				"north": {"uv": [3.2, 0, 6.875, 2], "texture": "#0"},
				"east": {"uv": [2, 0, 4.5, 2], "texture": "#0"},
				"south": {"uv": [3.2, 0, 6.875, 2], "texture": "#0"},
				"west": {"uv": [2, 0, 4.5, 2], "texture": "#0"},
				"up": {"uv": [2.775, 1.825, 3.775, 3.65625], "rotation": 90, "texture": "#0"},
				"down": {"uv": [2.775, 1.825, 3.775, 3.65625], "rotation": 90, "texture": "#0"}
			}
		},
		{
			"from": [5.1, -2.80438, 14.11839],
			"to": [10.9, -0.80438, 17.61839],
			"rotation": {"angle": -22.5, "axis": "x", "origin": [8, 3.39402, 8]},
			"faces": {
				"north": {"uv": [5.8, 0, 11.6, 2], "texture": "#0"},
				"east": {"uv": [2.53125, 1, 3.78125, 2], "texture": "#0"},
				"south": {"uv": [2.53125, 1.125, 3.7625, 1.875], "texture": "#0"},
				"west": {"uv": [2.53125, 1, 3.78125, 2], "texture": "#0"},
				"up": {"uv": [2.525, 1.325, 3.775, 4.15625], "rotation": 90, "texture": "#0"},
				"down": {"uv": [2.525, 1.325, 3.775, 4.15625], "rotation": 90, "texture": "#0"}
			}
		},
		{
			"from": [7.25, 12.39713, -0.86745],
			"to": [8.75, 17.39713, 0.63255],
			"rotation": {"angle": -45, "axis": "x", "origin": [8, 3.39402, 8]},
			"faces": {
				"north": {"uv": [0.5, 1, 2.375, 1.75], "rotation": 90, "texture": "#0"},
				"east": {"uv": [0.5, 1, 2.375, 1.75], "rotation": 90, "texture": "#0"},
				"south": {"uv": [0.5, 1, 2.375, 1.75], "rotation": 90, "texture": "#0"},
				"west": {"uv": [0.5, 1, 2.375, 1.75], "rotation": 90, "texture": "#0"},
				"up": {"uv": [0.5, 1, 0.875, 1.75], "rotation": 90, "texture": "#0"},
				"down": {"uv": [0, 3.5, 1.5, 5], "texture": "#0"}
			}
		},
		{
			"from": [6.125, -5.99843, -1.72811],
			"to": [9.85, -3.99843, 1.52189],
			"rotation": {"angle": 45, "axis": "x", "origin": [8, 3.39402, 8]},
			"faces": {
				"north": {"uv": [6.4, 0, 10.125, 2], "texture": "#0"},
				"east": {"uv": [4.5, 0, 7.75, 2], "texture": "#0"},
				"south": {"uv": [6.4, 0, 10.125, 2], "texture": "#0"},
				"west": {"uv": [4.5, 0, 7.75, 2], "texture": "#0"},
				"up": {"uv": [2.775, 1.825, 3.775, 3.65625], "rotation": 90, "texture": "#0"},
				"down": {"uv": [2.775, 1.825, 3.775, 3.65625], "rotation": 90, "texture": "#0"}
			}
		},
		{
			"from": [1.09566, 2, -6.59688],
			"to": [2.09566, 6, 4.40312],
			"rotation": {"angle": -22.5, "axis": "y", "origin": [8, 3.39402, 8]},
			"faces": {
				"north": {"uv": [1.125, 10.75, 1.375, 8.75], "texture": "#0"},
				"east": {"uv": [0.25, 8.75, 1.875, 10.75], "rotation": 180, "texture": "#0"},
				"south": {"uv": [0, 1, 4, 2], "rotation": 90, "texture": "#0"},
				"west": {"uv": [0.25, 8.75, 3.75, 10.75], "rotation": 180, "texture": "#0"},
				"up": {"uv": [0.5, 4, 4, 4.5], "rotation": 90, "texture": "#0"},
				"down": {"uv": [0.5, 4, 4, 4.5], "rotation": 90, "texture": "#0"}
			}
		},
		{
			"from": [13.90434, 2, -6.59688],
			"to": [14.90434, 6, 4.40312],
			"rotation": {"angle": 22.5, "axis": "y", "origin": [8, 3.39402, 8]},
			"faces": {
				"north": {"uv": [1.125, 10.75, 1.375, 8.75], "texture": "#0"},
				"east": {"uv": [0.25, 8.75, 3.75, 10.75], "rotation": 180, "texture": "#0"},
				"south": {"uv": [0, 0, 4, 1], "rotation": 90, "texture": "#0"},
				"west": {"uv": [0.25, 8.75, 3.75, 10.75], "rotation": 180, "texture": "#0"},
				"up": {"uv": [0.5, 4, 4, 4.5], "rotation": 90, "texture": "#0"},
				"down": {"uv": [0.5, 4, 4, 4.5], "rotation": 90, "texture": "#0"}
			}
		},
		{
			"from": [5.1, -2.80438, -1.61839],
			"to": [10.925, -0.80438, 1.88161],
			"rotation": {"angle": 22.5, "axis": "x", "origin": [8, 3.39402, 8]},
			"faces": {
				"north": {"uv": [2.53125, 1.125, 3.7625, 1.875], "texture": "#0"},
				"east": {"uv": [2.53125, 1, 3.78125, 2], "texture": "#0"},
				"south": {"uv": [10.125, 0, 15.95, 2], "texture": "#0"},
				"west": {"uv": [2.53125, 1, 3.78125, 2], "texture": "#0"},
				"up": {"uv": [2.525, 1.325, 3.775, 4.15625], "rotation": 90, "texture": "#0"},
				"down": {"uv": [2.525, 1.325, 3.775, 4.15625], "rotation": 90, "texture": "#0"}
			}
		},
		{
			"from": [13.90434, 2, 11.59688],
			"to": [14.90434, 6, 22.59688],
			"rotation": {"angle": -22.5, "axis": "y", "origin": [8, 3.39402, 8]},
			"faces": {
				"north": {"uv": [0, 1, 4, 2], "rotation": 90, "texture": "#0"},
				"east": {"uv": [0.25, 8.75, 3.75, 10.75], "rotation": 180, "texture": "#0"},
				"south": {"uv": [1.125, 10.75, 1.375, 8.75], "texture": "#0"},
				"west": {"uv": [0.25, 8.75, 1.875, 10.75], "rotation": 180, "texture": "#0"},
				"up": {"uv": [0.5, 4, 4, 4.5], "rotation": 90, "texture": "#0"},
				"down": {"uv": [0.5, 4, 4, 4.5], "rotation": 90, "texture": "#0"}
			}
		},
		{
			"from": [1.09566, 2, 11.59688],
			"to": [2.09566, 6, 22.59688],
			"rotation": {"angle": 22.5, "axis": "y", "origin": [8, 3.39402, 8]},
			"faces": {
				"north": {"uv": [0, 0, 4, 1], "rotation": 90, "texture": "#0"},
				"east": {"uv": [0.25, 8.75, 1.875, 10.75], "rotation": 180, "texture": "#0"},
				"south": {"uv": [1.125, 10.75, 1.375, 8.75], "texture": "#0"},
				"west": {"uv": [0.25, 8.75, 3.75, 10.75], "rotation": 180, "texture": "#0"},
				"up": {"uv": [0.5, 4, 4, 4.5], "rotation": 90, "texture": "#0"},
				"down": {"uv": [0.5, 4, 4, 4.5], "rotation": 90, "texture": "#0"}
			}
		},
		{
			"from": [7.25, 12.39713, 15.36745],
			"to": [8.75, 17.39713, 16.86745],
			"rotation": {"angle": 45, "axis": "x", "origin": [8, 3.39402, 8]},
			"faces": {
				"north": {"uv": [0.5, 1, 2.375, 1.75], "rotation": 90, "texture": "#0"},
				"east": {"uv": [0.5, 1, 2.375, 1.75], "rotation": 90, "texture": "#0"},
				"south": {"uv": [0.5, 1, 2.375, 1.75], "rotation": 90, "texture": "#0"},
				"west": {"uv": [0.5, 1, 2.375, 1.75], "rotation": 90, "texture": "#0"},
				"up": {"uv": [0.5, 1, 0.875, 1.75], "rotation": 90, "texture": "#0"},
				"down": {"uv": [0, 2, 1.5, 3.5], "texture": "#0"}
			}
		},
		{
			"from": [12, 2, 8],
			"to": [13, 6, 14],
			"rotation": {"angle": 0, "axis": "y", "origin": [8, 3.39402, 8]},
			"faces": {
				"north": {"uv": [0, 0, 4, 1], "rotation": 270, "texture": "#0"},
				"east": {"uv": [0.25, 8.75, 1.875, 10.75], "rotation": 180, "texture": "#0"},
				"south": {"uv": [0, 0, 4, 1], "rotation": 90, "texture": "#0"},
				"west": {"uv": [0.25, 8.75, 1.875, 10.75], "rotation": 180, "texture": "#0"},
				"up": {"uv": [0.5, 1, 2.125, 1.5], "rotation": 90, "texture": "#0"},
				"down": {"uv": [0.5, 1, 2.125, 1.5], "rotation": 90, "texture": "#0"}
			}
		},
		{
			"from": [3, 2, 2],
			"to": [4, 6, 8],
			"rotation": {"angle": 0, "axis": "y", "origin": [8, 3.39402, 8]},
			"faces": {
				"north": {"uv": [0, 1, 4, 2], "rotation": 270, "texture": "#0"},
				"east": {"uv": [0.25, 8.75, 1.875, 10.75], "rotation": 180, "texture": "#0"},
				"south": {"uv": [0, 1, 4, 2], "rotation": 90, "texture": "#0"},
				"west": {"uv": [0.25, 8.75, 1.875, 10.75], "rotation": 180, "texture": "#0"},
				"up": {"uv": [0.5, 1, 2.125, 1.5], "rotation": 90, "texture": "#0"},
				"down": {"uv": [0.5, 1, 2.125, 1.5], "rotation": 90, "texture": "#0"}
			}
		},
		{
			"from": [3, 2, 8],
			"to": [4, 6, 14],
			"rotation": {"angle": 0, "axis": "y", "origin": [8, 3.39402, 8]},
			"faces": {
				"north": {"uv": [0, 1, 4, 2], "rotation": 270, "texture": "#0"},
				"east": {"uv": [0.25, 8.75, 1.875, 10.75], "rotation": 180, "texture": "#0"},
				"south": {"uv": [0, 1, 4, 2], "rotation": 90, "texture": "#0"},
				"west": {"uv": [0.25, 8.75, 1.875, 10.75], "rotation": 180, "texture": "#0"},
				"up": {"uv": [2.125, 1, 3.75, 1.5], "rotation": 90, "texture": "#0"},
				"down": {"uv": [2.125, 1, 3.75, 1.5], "rotation": 90, "texture": "#0"}
			}
		},
		{
			"from": [12, 2, 2],
			"to": [13, 6, 8],
			"rotation": {"angle": 0, "axis": "y", "origin": [8, 3.39402, 8]},
			"faces": {
				"north": {"uv": [0, 0, 4, 1], "rotation": 270, "texture": "#0"},
				"east": {"uv": [0.25, 8.75, 1.875, 10.75], "rotation": 180, "texture": "#0"},
				"south": {"uv": [0, 0, 4, 1], "rotation": 90, "texture": "#0"},
				"west": {"uv": [0.25, 8.75, 1.875, 10.75], "rotation": 180, "texture": "#0"},
				"up": {"uv": [2.125, 1, 3.75, 1.5], "rotation": 90, "texture": "#0"},
				"down": {"uv": [2.125, 1, 3.75, 1.5], "rotation": 90, "texture": "#0"}
			}
		},
		{
			"from": [4, 0, 0],
			"to": [12, 2, 8],
			"rotation": {"angle": 0, "axis": "y", "origin": [8, 1, 12]},
			"faces": {
				"north": {"uv": [0.375, 0.75, 2.375, 1.75], "texture": "#0"},
				"east": {"uv": [2.375, 0.75, 0.375, 1.75], "texture": "#0"},
				"south": {"uv": [0.375, 0.75, 2.375, 1.75], "texture": "#0"},
				"west": {"uv": [0.375, 0.75, 2.375, 1.75], "texture": "#0"},
				"up": {"uv": [0.375, 0.75, 2.375, 4.75], "rotation": 90, "texture": "#0"},
				"down": {"uv": [2.375, 0.75, 0.375, 4.75], "rotation": 90, "texture": "#0"}
			}
		},
		{
			"from": [4, 0, 8],
			"to": [12, 2, 16],
			"rotation": {"angle": 0, "axis": "y", "origin": [8, 1, 12]},
			"faces": {
				"north": {"uv": [0, 0, 8, 2], "texture": "#0"},
				"east": {"uv": [0.375, 0.75, 2.375, 1.75], "texture": "#0"},
				"south": {"uv": [0.375, 0.75, 2.375, 1.75], "texture": "#0"},
				"west": {"uv": [2.375, 0.75, 0.375, 1.75], "texture": "#0"},
				"up": {"uv": [2.125, 0.75, 4.125, 4.75], "rotation": 90, "texture": "#0"},
				"down": {"uv": [0.375, 0.75, 2.375, 4.75], "rotation": 90, "texture": "#0"}
			}
		}
	],
	"display": {
		"thirdperson_righthand": {
			"rotation": [90, 90, -23],
			"translation": [-6, -0.5, 14],
			"scale": [0.5, 0.5, 0.5]
		},
		"head": {
			"translation": [0, -45, 0],
			"scale": [4, 4, 4]
		}
	}
}