{
	"credit": "Made with Blockbench",
	"ambientocclusion": false,
	"texture_size": [105, 17],
	"textures": {
		"0": "item/glass_bottle/title_rewards",
		"particle": "item/glass_bottle/title_rewards"
	},
	"elements": [
		{
			"from": [-13.5, 8, 8],
			"to": [29.5, 16, 8],
			"rotation": {"angle": 0, "axis": "y", "origin": [8, 4, 8]},
			"faces": {
				"north": {"uv": [0, 0, 16, 16], "texture": "#0"},
				"south": {"uv": [0, 0, 16, 16], "texture": "#0"}
			}
		}
	],
	"display": {
		"head": {
			"translation": [0, -11.25, 0],
			"scale": [1.5, 1.5, 1.5]
		}
	}
}