{
	"credit": "Made with Blockbench",
	"textures": {
		"0": "item/lime_dye/yesbox",
		"particle": "item/lime_dye/yesbox"
	},
	"elements": [
		{
			"from": [2, 2, 2],
			"to": [14, 14, 14],
			"faces": {
				"north": {"uv": [2, 2, 14, 14], "texture": "#0"},
				"east": {"uv": [2, 2, 14, 14], "texture": "#0"},
				"south": {"uv": [2, 2, 14, 14], "texture": "#0"},
				"west": {"uv": [2, 2, 14, 14], "texture": "#0"},
				"up": {"uv": [2, 2, 14, 14], "texture": "#0"},
				"down": {"uv": [2, 2, 14, 14], "texture": "#0"}
			}
		},
		{
			"from": [1.5, 1.5, 1.5],
			"to": [3.5, 14.5, 3.5],
			"faces": {
				"north": {"uv": [2, 2, 3, 14], "texture": "#0"},
				"east": {"uv": [2, 2, 3, 14], "texture": "#0"},
				"south": {"uv": [2, 2, 3, 14], "texture": "#0"},
				"west": {"uv": [2, 2, 3, 14], "texture": "#0"},
				"up": {"uv": [2, 2, 3, 14], "texture": "#0"},
				"down": {"uv": [2, 2, 3, 14], "texture": "#0"}
			}
		},
		{
			"from": [1.5, 1.5, 12.5],
			"to": [3.5, 14.5, 14.5],
			"faces": {
				"north": {"uv": [2, 2, 3, 14], "texture": "#0"},
				"east": {"uv": [2, 2, 3, 14], "texture": "#0"},
				"south": {"uv": [2, 2, 3, 14], "texture": "#0"},
				"west": {"uv": [2, 2, 3, 14], "texture": "#0"},
				"up": {"uv": [2, 2, 3, 14], "texture": "#0"},
				"down": {"uv": [2, 2, 3, 14], "texture": "#0"}
			}
		},
		{
			"from": [12.5, 1.5, 12.5],
			"to": [14.5, 14.5, 14.5],
			"faces": {
				"north": {"uv": [2, 2, 3, 14], "texture": "#0"},
				"east": {"uv": [2, 2, 3, 14], "texture": "#0"},
				"south": {"uv": [2, 2, 3, 14], "texture": "#0"},
				"west": {"uv": [2, 2, 3, 14], "texture": "#0"},
				"up": {"uv": [2, 2, 3, 14], "texture": "#0"},
				"down": {"uv": [2, 2, 3, 14], "texture": "#0"}
			}
		},
		{
			"from": [12.5, 1.5, 1.5],
			"to": [14.5, 14.5, 3.5],
			"faces": {
				"north": {"uv": [2, 2, 3, 14], "texture": "#0"},
				"east": {"uv": [2, 2, 3, 14], "texture": "#0"},
				"south": {"uv": [2, 2, 3, 14], "texture": "#0"},
				"west": {"uv": [2, 2, 3, 14], "texture": "#0"},
				"up": {"uv": [2, 2, 3, 14], "texture": "#0"},
				"down": {"uv": [2, 2, 3, 14], "texture": "#0"}
			}
		},
		{
			"from": [3.5, 12.5, 1.5],
			"to": [12.5, 14.5, 3.5],
			"rotation": {"angle": 0, "axis": "z", "origin": [13.5, 8.25, 2.5]},
			"faces": {
				"north": {"uv": [2, 2, 3, 14], "rotation": 270, "texture": "#0"},
				"east": {"uv": [2, 2, 3, 14], "rotation": 90, "texture": "#0"},
				"south": {"uv": [2, 2, 3, 14], "rotation": 90, "texture": "#0"},
				"west": {"uv": [2, 2, 3, 14], "rotation": 90, "texture": "#0"},
				"up": {"uv": [2, 2, 3, 14], "rotation": 90, "texture": "#0"},
				"down": {"uv": [2, 2, 3, 14], "rotation": 90, "texture": "#0"}
			}
		},
		{
			"from": [3.5, 1.5, 1.5],
			"to": [12.5, 3.5, 3.5],
			"rotation": {"angle": 0, "axis": "y", "origin": [13.5, 8.25, 2.5]},
			"faces": {
				"north": {"uv": [2, 2, 3, 14], "rotation": 270, "texture": "#0"},
				"east": {"uv": [2, 2, 3, 14], "rotation": 90, "texture": "#0"},
				"south": {"uv": [2, 2, 3, 14], "rotation": 90, "texture": "#0"},
				"west": {"uv": [2, 2, 3, 14], "rotation": 90, "texture": "#0"},
				"up": {"uv": [2, 2, 3, 14], "rotation": 90, "texture": "#0"},
				"down": {"uv": [2, 2, 3, 14], "rotation": 90, "texture": "#0"}
			}
		},
		{
			"from": [3.5, 12.5, 12.5],
			"to": [12.5, 14.5, 14.5],
			"rotation": {"angle": 0, "axis": "y", "origin": [13.5, 8.25, 2.5]},
			"faces": {
				"north": {"uv": [2, 2, 3, 14], "rotation": 270, "texture": "#0"},
				"east": {"uv": [2, 2, 3, 14], "rotation": 90, "texture": "#0"},
				"south": {"uv": [2, 2, 3, 14], "rotation": 90, "texture": "#0"},
				"west": {"uv": [2, 2, 3, 14], "rotation": 90, "texture": "#0"},
				"up": {"uv": [2, 2, 3, 14], "rotation": 90, "texture": "#0"},
				"down": {"uv": [2, 2, 3, 14], "rotation": 90, "texture": "#0"}
			}
		},
		{
			"from": [3.5, 1.5, 12.5],
			"to": [12.5, 3.5, 14.5],
			"rotation": {"angle": 0, "axis": "y", "origin": [13.5, 8.25, 2.5]},
			"faces": {
				"north": {"uv": [2, 2, 3, 14], "rotation": 270, "texture": "#0"},
				"east": {"uv": [2, 2, 3, 14], "rotation": 90, "texture": "#0"},
				"south": {"uv": [2, 2, 3, 14], "rotation": 90, "texture": "#0"},
				"west": {"uv": [2, 2, 3, 14], "rotation": 90, "texture": "#0"},
				"up": {"uv": [2, 2, 3, 14], "rotation": 90, "texture": "#0"},
				"down": {"uv": [2, 2, 3, 14], "rotation": 90, "texture": "#0"}
			}
		},
		{
			"from": [1.5, 12.5, 3.5],
			"to": [3.5, 14.5, 12.5],
			"rotation": {"angle": 0, "axis": "y", "origin": [13.5, 8.25, 2.5]},
			"faces": {
				"north": {"uv": [2, 2, 3, 14], "rotation": 90, "texture": "#0"},
				"east": {"uv": [2, 2, 3, 14], "rotation": 270, "texture": "#0"},
				"south": {"uv": [2, 2, 3, 14], "rotation": 90, "texture": "#0"},
				"west": {"uv": [2, 2, 3, 14], "rotation": 90, "texture": "#0"},
				"up": {"uv": [2, 2, 3, 14], "rotation": 180, "texture": "#0"},
				"down": {"uv": [2, 2, 3, 14], "texture": "#0"}
			}
		},
		{
			"from": [1.5, 1.5, 3.5],
			"to": [3.5, 3.5, 12.5],
			"rotation": {"angle": 0, "axis": "y", "origin": [13.5, 8.25, 2.5]},
			"faces": {
				"north": {"uv": [2, 2, 3, 14], "rotation": 90, "texture": "#0"},
				"east": {"uv": [2, 2, 3, 14], "rotation": 270, "texture": "#0"},
				"south": {"uv": [2, 2, 3, 14], "rotation": 90, "texture": "#0"},
				"west": {"uv": [2, 2, 3, 14], "rotation": 90, "texture": "#0"},
				"up": {"uv": [2, 2, 3, 14], "rotation": 180, "texture": "#0"},
				"down": {"uv": [2, 2, 3, 14], "texture": "#0"}
			}
		},
		{
			"from": [12.5, 12.5, 3.5],
			"to": [14.5, 14.5, 12.5],
			"rotation": {"angle": 0, "axis": "y", "origin": [13.5, 8.25, 2.5]},
			"faces": {
				"north": {"uv": [2, 2, 3, 14], "rotation": 90, "texture": "#0"},
				"east": {"uv": [2, 2, 3, 14], "rotation": 270, "texture": "#0"},
				"south": {"uv": [2, 2, 3, 14], "rotation": 90, "texture": "#0"},
				"west": {"uv": [2, 2, 3, 14], "rotation": 90, "texture": "#0"},
				"up": {"uv": [2, 2, 3, 14], "rotation": 180, "texture": "#0"},
				"down": {"uv": [2, 2, 3, 14], "texture": "#0"}
			}
		},
		{
			"from": [12.5, 1.5, 3.5],
			"to": [14.5, 3.5, 12.5],
			"rotation": {"angle": 0, "axis": "y", "origin": [13.5, 8.25, 2.5]},
			"faces": {
				"north": {"uv": [2, 2, 3, 14], "rotation": 90, "texture": "#0"},
				"east": {"uv": [2, 2, 3, 14], "rotation": 270, "texture": "#0"},
				"south": {"uv": [2, 2, 3, 14], "rotation": 90, "texture": "#0"},
				"west": {"uv": [2, 2, 3, 14], "rotation": 90, "texture": "#0"},
				"up": {"uv": [2, 2, 3, 14], "rotation": 180, "texture": "#0"},
				"down": {"uv": [2, 2, 3, 14], "texture": "#0"}
			}
		}
	],
	"display": {
		"thirdperson_righthand": {
			"rotation": [0, -180, 0],
			"translation": [-6, -1.75, 12],
			"scale": [0.65, 0.65, 0.65]
		},
		"head": {
			"translation": [0, -4.75, 0]
		}
	}
}