{
	"credit": "Made with Blockbench",
	"textures": {
		"0": "item/carved_pumpkin/beansprout",
		"particle": "item/carved_pumpkin/beansprout"
	},
	"elements": [
		{
			"from": [7, 0, 7],
			"to": [9, 8, 9],
			"faces": {
				"north": {"uv": [5, 9, 6, 10], "texture": "#0"},
				"east": {"uv": [5, 9, 6, 10], "texture": "#0"},
				"south": {"uv": [5, 9, 6, 10], "texture": "#0"},
				"west": {"uv": [5, 9, 6, 10], "texture": "#0"},
				"up": {"uv": [5, 9, 6, 10], "texture": "#0"},
				"down": {"uv": [5, 9, 6, 10], "texture": "#0"}
			}
		},
		{
			"from": [9, 6, 7],
			"to": [13, 10, 9],
			"rotation": {"angle": -22.5, "axis": "y", "origin": [11, 8, 8]},
			"faces": {
				"north": {"uv": [4, 7, 6, 9], "texture": "#0"},
				"east": {"uv": [4, 7, 6, 9], "texture": "#0"},
				"south": {"uv": [4, 7, 6, 9], "texture": "#0"},
				"west": {"uv": [4, 7, 6, 9], "texture": "#0"},
				"up": {"uv": [4, 7, 6, 9], "texture": "#0"},
				"down": {"uv": [4, 7, 6, 9], "texture": "#0"}
			}
		},
		{
			"from": [3, 6, 7],
			"to": [7, 10, 9],
			"rotation": {"angle": 22.5, "axis": "y", "origin": [5, 8, 8]},
			"faces": {
				"north": {"uv": [6, 9, 7, 10], "texture": "#0"},
				"east": {"uv": [6, 9, 7, 10], "texture": "#0"},
				"south": {"uv": [6, 9, 7, 10], "texture": "#0"},
				"west": {"uv": [6, 9, 7, 10], "texture": "#0"},
				"up": {"uv": [6, 9, 7, 10], "texture": "#0"},
				"down": {"uv": [6, 9, 7, 10], "texture": "#0"}
			}
		}
	],
	"display": {
		"thirdperson_righthand": {
			"rotation": [90, 180, 0],
			"translation": [-6, -1.75, 14]
		},
		"ground": {
			"translation": [0, 3, 0]
		},
		"head": {
			"rotation": [0, -180, 0],
			"translation": [0, 9.75, 0]
		},
		"fixed": {
			"rotation": [0, -180, 0]
		}
	}
}