{
	"credit": "Made with Blockbench",
	"textures": {
		"0": "item/carved_pumpkin/candle",
		"particle": "item/carved_pumpkin/candle"
	},
	"elements": [
		{
			"from": [5, 1, 5],
			"to": [11, 2, 11],
			"faces": {
				"north": {"uv": [9, 5, 14, 6], "texture": "#0"},
				"east": {"uv": [14, 5, 9, 6], "texture": "#0"},
				"south": {"uv": [9, 5, 14, 6], "texture": "#0"},
				"west": {"uv": [9, 5, 14, 6], "texture": "#0"},
				"up": {"uv": [9, 1, 14, 6], "texture": "#0"},
				"down": {"uv": [9, 1, 14, 2], "texture": "#0"}
			}
		},
		{
			"from": [5.5, 0, 5.5],
			"to": [10.5, 1, 10.5],
			"faces": {
				"north": {"uv": [9, 1, 14, 2], "texture": "#0"},
				"east": {"uv": [9, 1, 14, 2], "texture": "#0"},
				"south": {"uv": [9, 1, 14, 2], "texture": "#0"},
				"west": {"uv": [9, 1, 14, 2], "texture": "#0"},
				"up": {"uv": [9, 1, 14, 2], "texture": "#0"},
				"down": {"uv": [9, 1, 14, 2], "texture": "#0"}
			}
		},
		{
			"from": [6, 2, 6],
			"to": [10, 6, 10],
			"faces": {
				"north": {"uv": [5, 10, 8, 12], "texture": "#0"},
				"east": {"uv": [5, 10, 8, 12], "texture": "#0"},
				"south": {"uv": [5, 10, 8, 12], "texture": "#0"},
				"west": {"uv": [5, 10, 8, 12], "texture": "#0"},
				"up": {"uv": [5, 9, 8, 10], "texture": "#0"},
				"down": {"uv": [0, 0, 4, 4], "texture": "#missing"}
			}
		},
		{
			"from": [7.5, 5, 7.5],
			"to": [8.5, 8, 8.5],
			"faces": {
				"north": {"uv": [6, 6, 7, 9], "texture": "#0"},
				"east": {"uv": [6, 6, 7, 9], "texture": "#0"},
				"south": {"uv": [6, 6, 7, 9], "texture": "#0"},
				"west": {"uv": [6, 6, 7, 9], "texture": "#0"},
				"up": {"uv": [6, 6, 7, 9], "texture": "#0"},
				"down": {"uv": [6, 6, 7, 9], "texture": "#0"}
			}
		}
	],
	"display": {
		"thirdperson_righthand": {
			"rotation": [90, 0, 0],
			"translation": [-6, -2, 16.5]
		},
		"ground": {
			"translation": [0, 3.75, 0]
		},
		"head": {
			"translation": [0, 14.25, 0]
		}
	}
}