{
	"credit": "Made with Blockbench",
	"textures": {
		"0": "item/carved_pumpkin/captain_hat",
		"particle": "item/carved_pumpkin/captain_hat"
	},
	"elements": [
		{
			"from": [1, 11, 4.325],
			"to": [15, 14, 5.325],
			"rotation": {"angle": 22.5, "axis": "x", "origin": [8, 15, 4.825]},
			"faces": {
				"north": {"uv": [0, 4, 14, 7], "texture": "#0"},
				"east": {"uv": [0, 4, 1, 7], "texture": "#0"},
				"south": {"uv": [0, 11, 14, 14], "texture": "#0"},
				"west": {"uv": [13, 4, 14, 7], "texture": "#0"},
				"up": {"uv": [0, 4, 14, 5], "texture": "#0"},
				"down": {"uv": [0, 6, 14, 7], "texture": "#0"}
			}
		},
		{
			"from": [0.675, 11.125, 3.975],
			"to": [1.675, 14.125, 11.975],
			"rotation": {"angle": 22.5, "axis": "z", "origin": [1, 12.5, 9.325]},
			"faces": {
				"north": {"uv": [0, 4, 1, 7], "texture": "#0"},
				"east": {"uv": [0, 4, 1, 7], "texture": "#0"},
				"south": {"uv": [0, 4, 1, 7], "texture": "#0"},
				"west": {"uv": [0, 4, 1, 7], "texture": "#0"},
				"up": {"uv": [0, 4, 1, 5], "rotation": 270, "texture": "#0"},
				"down": {"uv": [0, 6, 1, 7], "rotation": 90, "texture": "#0"}
			}
		},
		{
			"from": [3, 14, 4.325],
			"to": [13, 17, 5.325],
			"rotation": {"angle": 22.5, "axis": "x", "origin": [8, 15, 4.825]},
			"faces": {
				"north": {"uv": [2, 1, 12, 4], "texture": "#0"},
				"east": {"uv": [2, 1, 3, 4], "texture": "#0"},
				"south": {"uv": [2, 8, 12, 11], "texture": "#0"},
				"west": {"uv": [11, 1, 12, 4], "texture": "#0"},
				"up": {"uv": [2, 1, 12, 2], "texture": "#0"},
				"down": {"uv": [0, 0, 10, 1], "texture": "#0"}
			}
		},
		{
			"from": [14.325, 11.125, 3.975],
			"to": [15.325, 14.125, 11.975],
			"rotation": {"angle": -22.5, "axis": "z", "origin": [15, 12.5, 6.625]},
			"faces": {
				"north": {"uv": [0, 11, 1, 14], "texture": "#0"},
				"east": {"uv": [0, 11, 1, 14], "texture": "#0"},
				"south": {"uv": [0, 11, 1, 14], "texture": "#0"},
				"west": {"uv": [0, 11, 1, 14], "texture": "#0"},
				"up": {"uv": [0, 11, 1, 12], "rotation": 270, "texture": "#0"},
				"down": {"uv": [0, 13, 1, 14], "rotation": 90, "texture": "#0"}
			}
		},
		{
			"from": [1, 11, 10.625],
			"to": [15, 14, 11.625],
			"rotation": {"angle": -22.5, "axis": "x", "origin": [8, 15, 11.125]},
			"faces": {
				"north": {"uv": [0, 11, 14, 14], "texture": "#0"},
				"east": {"uv": [13, 11, 14, 14], "texture": "#0"},
				"south": {"uv": [0, 11, 14, 14], "texture": "#0"},
				"west": {"uv": [0, 11, 1, 14], "texture": "#0"},
				"up": {"uv": [0, 11, 14, 12], "texture": "#0"},
				"down": {"uv": [0, 13, 14, 14], "texture": "#0"}
			}
		},
		{
			"from": [5, 17, 10.625],
			"to": [11, 18, 11.625],
			"rotation": {"angle": -22.5, "axis": "x", "origin": [8, 15, 11.125]},
			"faces": {
				"north": {"uv": [4, 0, 10, 1], "texture": "#0"},
				"east": {"uv": [9, 0, 10, 1], "texture": "#0"},
				"south": {"uv": [4, 0, 10, 1], "texture": "#0"},
				"west": {"uv": [4, 0, 5, 1], "texture": "#0"},
				"up": {"uv": [4, 0, 10, 1], "texture": "#0"},
				"down": {"uv": [4, 0, 10, 1], "texture": "#0"}
			}
		},
		{
			"from": [3, 14, 10.625],
			"to": [13, 17, 11.625],
			"rotation": {"angle": -22.5, "axis": "x", "origin": [8, 15, 11.125]},
			"faces": {
				"north": {"uv": [2, 8, 12, 11], "texture": "#0"},
				"east": {"uv": [11, 8, 12, 11], "texture": "#0"},
				"south": {"uv": [2, 8, 12, 11], "texture": "#0"},
				"west": {"uv": [2, 8, 3, 11], "texture": "#0"},
				"up": {"uv": [2, 8, 12, 9], "texture": "#0"},
				"down": {"uv": [2, 10, 12, 11], "texture": "#0"}
			}
		},
		{
			"from": [5, 17, 4.325],
			"to": [11, 18, 5.325],
			"rotation": {"angle": 22.5, "axis": "x", "origin": [8, 15, 4.825]},
			"faces": {
				"north": {"uv": [4, 0, 10, 1], "texture": "#0"},
				"east": {"uv": [9, 0, 10, 1], "texture": "#0"},
				"south": {"uv": [4, 0, 10, 1], "texture": "#0"},
				"west": {"uv": [4, 0, 5, 1], "texture": "#0"},
				"up": {"uv": [4, 0, 10, 1], "texture": "#0"},
				"down": {"uv": [4, 0, 10, 1], "texture": "#0"}
			}
		},
		{
			"from": [4, 11.975, 5.075],
			"to": [12, 15.975, 11.075],
			"rotation": {"angle": 0, "axis": "y", "origin": [-0.5, 0, -2.675]},
			"faces": {
				"north": {"uv": [6.5, 5.5, 7.5, 6.5], "texture": "#0"},
				"east": {"uv": [6.5, 5.5, 7.5, 6.5], "texture": "#0"},
				"south": {"uv": [6.5, 5.5, 7.5, 6.5], "texture": "#0"},
				"west": {"uv": [3, 2.5, 4, 3.5], "texture": "#0"},
				"up": {"uv": [6.5, 5.5, 7.5, 6.5], "texture": "#0"},
				"down": {"uv": [6.5, 5.5, 7.5, 6.5], "texture": "#0"}
			}
		},
		{
			"from": [1.5, 11.675, 3.825],
			"to": [14.5, 12.975, 12.325],
			"rotation": {"angle": 0, "axis": "y", "origin": [-0.5, 0, -2.675]},
			"faces": {
				"north": {"uv": [6.5, 5.5, 7.5, 6.5], "texture": "#0"},
				"east": {"uv": [6.5, 5.5, 7.5, 6.5], "texture": "#0"},
				"south": {"uv": [6.5, 5.5, 7.5, 6.5], "texture": "#0"},
				"west": {"uv": [3, 2.5, 4, 3.5], "texture": "#0"},
				"up": {"uv": [6.5, 5.5, 7.5, 6.5], "texture": "#0"},
				"down": {"uv": [6.5, 5.5, 7.5, 6.5], "texture": "#0"}
			}
		}
	],
	"display": {
		"thirdperson_righthand": {
			"rotation": [90, 0, 0],
			"translation": [-6, -2, 6.25],
			"scale": [0.9, 0.9, 0.9]
		},
		"head": {
			"rotation": [6, 0, 0],
			"translation": [0, -4.25, -0.25],
			"scale": [1.9, 1.9, 1.9]
		}
	}
}