{
	"credit": "Made with Blockbench",
	"textures": {
		"7": "item/carved_pumpkin/cat_ears"
	},
	"elements": [
		{
			"from": [7, 16, 13],
			"to": [9, 18, 15],
			"rotation": {"angle": 22.5, "axis": "x", "origin": [8, 15, 14]},
			"faces": {
				"north": {"uv": [0, 1, 1, 2], "texture": "#7"},
				"east": {"uv": [0, 1, 1, 2], "texture": "#7"},
				"south": {"uv": [0, 1, 1, 2], "texture": "#7"},
				"west": {"uv": [0, 1, 1, 2], "texture": "#7"},
				"up": {"uv": [0, 1, 1, 2], "texture": "#7"},
				"down": {"uv": [0, 1, 1, 2], "texture": "#7"}
			}
		},
		{
			"from": [7, 12, 11],
			"to": [9, 16, 17],
			"rotation": {"angle": 22.5, "axis": "x", "origin": [8, 15, 14]},
			"faces": {
				"north": {"uv": [0, 1, 1, 3], "texture": "#7"},
				"east": {"uv": [0, 1, 1, 3], "texture": "#7"},
				"south": {"uv": [2, 1, 3, 3], "texture": "#7"},
				"west": {"uv": [0, 1, 3, 3], "texture": "#7"},
				"up": {"uv": [1, 2, 0, 1], "texture": "#7"},
				"down": {"uv": [6, 0, 4, 2], "texture": "#missing"}
			}
		},
		{
			"from": [7, 12, -1],
			"to": [9, 16, 5],
			"rotation": {"angle": -22.5, "axis": "x", "origin": [8, 15, 2]},
			"faces": {
				"north": {"uv": [0, 1, 1, 3], "texture": "#7"},
				"east": {"uv": [2, 1, 3, 3], "texture": "#7"},
				"south": {"uv": [2, 1, 3, 3], "texture": "#7"},
				"west": {"uv": [0, 1, 3, 3], "texture": "#7"},
				"up": {"uv": [3, 2, 2, 1], "texture": "#7"},
				"down": {"uv": [3, 2, 2, 3], "texture": "#7"}
			}
		},
		{
			"from": [7, 16, 1],
			"to": [9, 18, 3],
			"rotation": {"angle": -22.5, "axis": "x", "origin": [8, 15, 2]},
			"faces": {
				"north": {"uv": [1, 0, 2, 1], "texture": "#7"},
				"east": {"uv": [1, 0, 2, 1], "texture": "#7"},
				"south": {"uv": [1, 0, 2, 1], "texture": "#7"},
				"west": {"uv": [1, 0, 2, 1], "texture": "#7"},
				"up": {"uv": [1, 0, 2, 1], "texture": "#7"},
				"down": {"uv": [1, 0, 2, 1], "texture": "#7"}
			}
		}
	],
	"display": {
		"thirdperson_righthand": {
			"rotation": [90, -90, 0],
			"translation": [-6, -1.5, 5.5]
		},
		"gui": {
			"rotation": [0, 90, 0],
			"translation": [0, -5, 0],
			"scale": [1, 0.8, 0.8]
		},
		"head": {
			"rotation": [0, -95, -5],
			"translation": [0, 0.5, -2],
			"scale": [0.92, 1, 1]
		},
		"fixed": {
			"rotation": [-9, -92, 0],
			"translation": [0, 0, 1.25]
		}
	},
	"groups": [
		{
			"name": "group",
			"origin": [8, 8, 8],
			"color": 0,
			"children": [0, 1]
		},
		{
			"name": "group",
			"origin": [8, 8, 8],
			"color": 0,
			"children": [2, 3]
		}
	]
}