{
	"credit": "Made with Blockbench",
	"textures": {
		"7": "item/carved_pumpkin/cat_ears"
	},
	"elements": [
		{
			"from": [1, 12.5, 7],
			"to": [3, 14.5, 9],
			"rotation": {"angle": 22.5, "axis": "z", "origin": [2, 11.5, 8]},
			"faces": {
				"north": {"uv": [0, 1, 1, 2], "texture": "#7"},
				"east": {"uv": [0, 1, 1, 2], "texture": "#7"},
				"south": {"uv": [0, 1, 1, 2], "texture": "#7"},
				"west": {"uv": [0, 1, 1, 2], "texture": "#7"},
				"up": {"uv": [0, 1, 1, 2], "rotation": 90, "texture": "#7"},
				"down": {"uv": [0, 1, 1, 2], "rotation": 270, "texture": "#7"}
			}
		},
		{
			"from": [-1, 8.5, 7],
			"to": [5, 12.5, 9],
			"rotation": {"angle": 22.5, "axis": "z", "origin": [2, 11.5, 8]},
			"faces": {
				"north": {"uv": [0, 1, 3, 3], "texture": "#7"},
				"east": {"uv": [0, 1, 1, 3], "texture": "#7"},
				"south": {"uv": [0, 1, 1, 3], "texture": "#7"},
				"west": {"uv": [2, 1, 3, 3], "texture": "#7"},
				"up": {"uv": [1, 2, 0, 1], "rotation": 90, "texture": "#7"},
				"down": {"uv": [6, 0, 4, 2], "rotation": 270, "texture": "#missing"}
			}
		},
		{
			"from": [11, 8.5, 7],
			"to": [17, 12.5, 9],
			"rotation": {"angle": -22.5, "axis": "z", "origin": [14, 11.5, 8]},
			"faces": {
				"north": {"uv": [0, 1, 3, 3], "texture": "#7"},
				"east": {"uv": [0, 1, 1, 3], "texture": "#7"},
				"south": {"uv": [2, 1, 3, 3], "texture": "#7"},
				"west": {"uv": [2, 1, 3, 3], "texture": "#7"},
				"up": {"uv": [3, 2, 2, 1], "rotation": 90, "texture": "#7"},
				"down": {"uv": [3, 2, 2, 3], "rotation": 270, "texture": "#7"}
			}
		},
		{
			"from": [13, 12.5, 7],
			"to": [15, 14.5, 9],
			"rotation": {"angle": -22.5, "axis": "z", "origin": [14, 11.5, 8]},
			"faces": {
				"north": {"uv": [1, 0, 2, 1], "texture": "#7"},
				"east": {"uv": [1, 0, 2, 1], "texture": "#7"},
				"south": {"uv": [1, 0, 2, 1], "texture": "#7"},
				"west": {"uv": [1, 0, 2, 1], "texture": "#7"},
				"up": {"uv": [1, 0, 2, 1], "rotation": 90, "texture": "#7"},
				"down": {"uv": [1, 0, 2, 1], "rotation": 270, "texture": "#7"}
			}
		}
	],
	"display": {
		"thirdperson_righthand": {
			"rotation": [90, 0, 0],
			"translation": [-6, -1.5, 8.5]
		},
		"gui": {
			"rotation": [0, 127, 0],
			"translation": [0, -3.25, 0]
		},
		"head": {
			"rotation": [0, 0, -5],
			"translation": [0.25, 4.5, -1],
			"scale": [0.9, 1, 1]
		},
		"fixed": {
			"rotation": [-9, 0, 0],
			"translation": [0, -2, 1.25]
		}
	},
	"groups": [
		{
			"name": "group",
			"origin": [8, 8, 8],
			"color": 0,
			"children": [0, 1]
		},
		{
			"name": "group",
			"origin": [8, 8, 8],
			"color": 0,
			"children": [2, 3]
		}
	]
}