{
	"credit": "Made with Blockbench",
	"textures": {
		"0": "item/carved_pumpkin/goggles",
		"particle": "item/carved_pumpkin/goggles"
	},
	"elements": [
		{
			"from": [4, 2, 4],
			"to": [12, 3, 12],
			"faces": {
				"north": {"uv": [15, 6, 16, 7], "texture": "#0"},
				"east": {"uv": [15, 9, 16, 10], "texture": "#0"},
				"south": {"uv": [13, 9, 14, 10], "texture": "#0"},
				"west": {"uv": [11, 8, 12, 9], "texture": "#0"},
				"up": {"uv": [11, 5, 16, 10], "texture": "#0"},
				"down": {"uv": [11, 5, 16, 10], "texture": "#0"}
			}
		},
		{
			"from": [9, 1.5, 3],
			"to": [11, 3.5, 5],
			"faces": {
				"north": {"uv": [3, 6, 6, 9], "texture": "#0"},
				"east": {"uv": [2, 5, 4, 6], "texture": "#0"},
				"south": {"uv": [6, 5, 7, 6], "texture": "#0"},
				"west": {"uv": [0, 7, 2, 9], "texture": "#0"},
				"up": {"uv": [3, 5, 4, 7], "texture": "#0"},
				"down": {"uv": [3, 8, 4, 10], "texture": "#0"}
			}
		},
		{
			"from": [5, 1.5, 3],
			"to": [7, 3.5, 5],
			"faces": {
				"north": {"uv": [3, 6, 6, 9], "texture": "#0"},
				"east": {"uv": [2, 5, 4, 6], "texture": "#0"},
				"south": {"uv": [6, 5, 7, 6], "texture": "#0"},
				"west": {"uv": [0, 7, 2, 9], "texture": "#0"},
				"up": {"uv": [3, 5, 4, 7], "texture": "#0"},
				"down": {"uv": [3, 8, 4, 10], "texture": "#0"}
			}
		}
	],
	"display": {
		"thirdperson_righthand": {
			"rotation": [90, 0, 0],
			"translation": [-6, -2, 17.5]
		},
		"ground": {
			"translation": [0, 3, 0]
		},
		"head": {
			"rotation": [2, 0, -1],
			"translation": [0, 10, 0.5],
			"scale": [1.9, 1.9, 1.9]
		},
		"fixed": {
			"rotation": [1, 0, -180]
		}
	}
}