{
	"credit": "Made with Blockbench",
	"textures": {
		"0": "item/carved_pumpkin/headphones",
		"particle": "item/carved_pumpkin/headphones"
	},
	"elements": [
		{
			"from": [4.5, 8, 7],
			"to": [11.5, 10, 9],
			"faces": {
				"north": {"uv": [4, 4, 12, 5], "texture": "#0"},
				"east": {"uv": [4, 4, 12, 5], "texture": "#0"},
				"south": {"uv": [4, 4, 12, 5], "texture": "#0"},
				"west": {"uv": [4, 4, 12, 5], "texture": "#0"},
				"up": {"uv": [4, 4, 12, 5], "texture": "#0"},
				"down": {"uv": [4, 4, 12, 5], "texture": "#0"}
			}
		},
		{
			"from": [2.5, 4, 7],
			"to": [4.5, 9, 9],
			"faces": {
				"north": {"uv": [13, 6, 15, 11], "texture": "#0"},
				"east": {"uv": [13, 6, 15, 11], "texture": "#0"},
				"south": {"uv": [13, 6, 15, 11], "texture": "#0"},
				"west": {"uv": [13, 6, 15, 11], "texture": "#0"},
				"up": {"uv": [13, 6, 15, 11], "texture": "#0"},
				"down": {"uv": [13, 6, 15, 11], "texture": "#0"}
			}
		},
		{
			"from": [11.5, 4, 7],
			"to": [13.5, 9, 9],
			"faces": {
				"north": {"uv": [2, 6, 4, 11], "texture": "#0"},
				"east": {"uv": [2, 6, 4, 11], "texture": "#0"},
				"south": {"uv": [2, 6, 4, 11], "texture": "#0"},
				"west": {"uv": [2, 6, 4, 11], "texture": "#0"},
				"up": {"uv": [2, 6, 4, 11], "texture": "#0"},
				"down": {"uv": [2, 6, 4, 11], "texture": "#0"}
			}
		},
		{
			"from": [2.25, 3, 6.6],
			"to": [4.75, 6, 9.6],
			"faces": {
				"north": {"uv": [0, 0, 1, 4], "texture": "#0"},
				"east": {"uv": [0, 0, 1, 4], "texture": "#0"},
				"south": {"uv": [0, 0, 1, 4], "texture": "#0"},
				"west": {"uv": [0, 0, 4, 4], "texture": "#0"},
				"up": {"uv": [0, 0, 1, 4], "texture": "#0"},
				"down": {"uv": [0, 0, 1, 4], "texture": "#0"}
			}
		},
		{
			"from": [11.25, 3, 6.6],
			"to": [13.75, 6, 9.6],
			"faces": {
				"north": {"uv": [0, 0, 1, 4], "texture": "#0"},
				"east": {"uv": [0, 0, 4, 4], "texture": "#0"},
				"south": {"uv": [0, 0, 1, 4], "texture": "#0"},
				"west": {"uv": [0, 0, 1, 4], "texture": "#0"},
				"up": {"uv": [0, 0, 1, 4], "texture": "#0"},
				"down": {"uv": [0, 0, 1, 4], "texture": "#0"}
			}
		}
	],
	"display": {
		"thirdperson_righthand": {
			"rotation": [90, 0, 0],
			"translation": [-6, -2, 12]
		},
		"firstperson_righthand": {
			"translation": [0, 2.75, 0]
		},
		"firstperson_lefthand": {
			"translation": [0, 3.5, 0]
		},
		"head": {
			"translation": [0, 6, -0.25],
			"scale": [1.5, 1.5, 1.5]
		}
	}
}