{
	"credit": "Made with Blockbench",
	"textures": {
		"0": "item/carved_pumpkin/pigears",
		"particle": "item/carved_pumpkin/pigears"
	},
	"elements": [
		{
			"from": [7, 2, 3],
			"to": [9, 4, 5],
			"rotation": {"angle": 0, "axis": "y", "origin": [0, -1, 0]},
			"faces": {
				"north": {"uv": [6, 6, 9, 8], "texture": "#0"},
				"east": {"uv": [6, 6, 9, 8], "texture": "#0"},
				"south": {"uv": [6, 6, 9, 8], "texture": "#0"},
				"west": {"uv": [6, 6, 9, 8], "texture": "#0"},
				"up": {"uv": [6, 6, 9, 8], "texture": "#0"},
				"down": {"uv": [6, 6, 9, 8], "texture": "#0"}
			}
		},
		{
			"from": [6, 3, 3],
			"to": [10, 6, 5],
			"rotation": {"angle": 0, "axis": "y", "origin": [0, -1, 0]},
			"faces": {
				"north": {"uv": [5, 7, 10, 10], "texture": "#0"},
				"east": {"uv": [7, 7, 8, 10], "texture": "#0"},
				"south": {"uv": [5, 7, 10, 8], "texture": "#0"},
				"west": {"uv": [5, 7, 10, 8], "texture": "#0"},
				"up": {"uv": [5, 7, 10, 8], "texture": "#0"},
				"down": {"uv": [5, 7, 10, 8], "texture": "#0"}
			}
		},
		{
			"from": [-1, 11.4, 7],
			"to": [2, 13.4, 11],
			"rotation": {"angle": 22.5, "axis": "z", "origin": [0.5, 12.4, 9]},
			"faces": {
				"north": {"uv": [0, 1, 3, 3], "texture": "#0"},
				"east": {"uv": [0, 1, 3, 3], "texture": "#0"},
				"south": {"uv": [0, 1, 3, 3], "texture": "#0"},
				"west": {"uv": [0, 1, 3, 3], "texture": "#0"},
				"up": {"uv": [0, 1, 3, 3], "texture": "#0"},
				"down": {"uv": [0, 2, 2, 4], "texture": "#0"}
			}
		},
		{
			"from": [-1, 9.4, 7.3],
			"to": [1, 11.4, 10.8],
			"rotation": {"angle": 0, "axis": "z", "origin": [0, 10.4, 9.05]},
			"faces": {
				"north": {"uv": [0, 1, 2, 3], "texture": "#0"},
				"east": {"uv": [0, 2, 2, 4], "texture": "#0"},
				"south": {"uv": [0, 1, 2, 3], "texture": "#0"},
				"west": {"uv": [0, 1, 2, 3], "texture": "#0"},
				"up": {"uv": [0, 1, 2, 3], "texture": "#0"},
				"down": {"uv": [0, 1, 2, 3], "texture": "#0"}
			}
		},
		{
			"from": [14, 11.7, 7],
			"to": [17, 13.7, 11],
			"rotation": {"angle": -22.5, "axis": "z", "origin": [15.5, 12.7, 9]},
			"faces": {
				"north": {"uv": [3, 1, 0, 3], "texture": "#0"},
				"east": {"uv": [3, 1, 0, 3], "texture": "#0"},
				"south": {"uv": [3, 1, 0, 3], "texture": "#0"},
				"west": {"uv": [3, 1, 0, 3], "texture": "#0"},
				"up": {"uv": [3, 1, 0, 3], "texture": "#0"},
				"down": {"uv": [2, 2, 0, 4], "texture": "#0"}
			}
		},
		{
			"from": [15, 9.7, 7.3],
			"to": [17, 11.7, 10.8],
			"rotation": {"angle": 0, "axis": "y", "origin": [16, 10.7, 9.05]},
			"faces": {
				"north": {"uv": [2, 1, 0, 3], "texture": "#0"},
				"east": {"uv": [2, 1, 0, 3], "texture": "#0"},
				"south": {"uv": [2, 1, 0, 3], "texture": "#0"},
				"west": {"uv": [2, 2, 0, 4], "texture": "#0"},
				"up": {"uv": [2, 1, 0, 3], "texture": "#0"},
				"down": {"uv": [2, 1, 0, 3], "texture": "#0"}
			}
		}
	],
	"display": {
		"thirdperson_righthand": {
			"rotation": [90, 0, 0],
			"translation": [-5.75, 0, 12],
			"scale": [0.6, 0.6, 0.6]
		},
		"firstperson_righthand": {
			"rotation": [0, -180, 0]
		},
		"firstperson_lefthand": {
			"rotation": [0, 180, 0]
		},
		"gui": {
			"rotation": [0, -180, 0],
			"scale": [0.84, 0.74, 0.81]
		},
		"head": {
			"translation": [0, 0.5, -2.75]
		}
	},
	"groups": [
		{
			"name": "group",
			"origin": [0, 0, 0],
			"color": 0,
			"children": [0, 1]
		},
		{
			"name": "group",
			"origin": [0.5, 14, 9],
			"color": 0,
			"children": [2, 3]
		},
		{
			"name": "group",
			"origin": [0.5, 14, 9],
			"color": 0,
			"children": [4, 5]
		}
	]
}