{
	"credit": "Made with Blockbench",
	"textures": {
		"0": "item/carved_pumpkin/racoon_hat",
		"particle": "item/carved_pumpkin/racoon_hat"
	},
	"elements": [
		{
			"from": [4, 6.5, 5],
			"to": [12, 9.5, 13],
			"faces": {
				"north": {"uv": [0, 0, 7, 2], "texture": "#0"},
				"east": {"uv": [0, 0, 7, 2], "texture": "#0"},
				"south": {"uv": [0, 0, 7, 2], "texture": "#0"},
				"west": {"uv": [0, 0, 7, 2], "texture": "#0"},
				"up": {"uv": [2, 3, 7, 8], "texture": "#0"},
				"down": {"uv": [11, 3, 16, 8], "texture": "#0"}
			}
		},
		{
			"from": [11, 2, 7],
			"to": [15, 9, 11],
			"rotation": {"angle": 22.5, "axis": "z", "origin": [14, 7, 9]},
			"faces": {
				"north": {"uv": [0, 9, 3, 16], "texture": "#0"},
				"east": {"uv": [13, 9, 16, 16], "texture": "#0"},
				"south": {"uv": [4, 9, 7, 16], "texture": "#0"},
				"west": {"uv": [8, 9, 11, 16], "texture": "#0"},
				"up": {"uv": [8, 6, 10, 8], "texture": "#0"},
				"down": {"uv": [7, 2, 10, 5], "texture": "#0"}
			}
		}
	],
	"display": {
		"thirdperson_righthand": {
			"rotation": [90, 45, 0],
			"translation": [-6, -2, 13.25]
		},
		"gui": {
			"rotation": [0, -180, 0],
			"translation": [1.25, 0, 0]
		},
		"head": {
			"translation": [0, 5, -1.75],
			"scale": [2, 2, 2]
		}
	}
}