{
	"credit": "Made with Blockbench",
	"parent": "block/block",
	"textures": {
		"0": "item/carved_pumpkin/colorwheel",
		"particle": "item/carved_pumpkin/colorwheel"
	},
	"elements": [
		{
			"name": "base",
			"from": [0, 0, 0],
			"to": [16, 5, 16],
			"rotation": {"angle": 0, "axis": "y", "origin": [8.125, 7.08154, 13.25]},
			"faces": {
				"north": {"uv": [15.11111, 15.22222, 16, 16], "texture": "#0"},
				"east": {"uv": [15.11111, 15.22222, 16, 16], "texture": "#0"},
				"south": {"uv": [15.11111, 15.22222, 16, 16], "texture": "#0"},
				"west": {"uv": [15.11111, 15.22222, 16, 16], "texture": "#0"},
				"up": {"uv": [15.11111, 15.22222, 16, 16], "texture": "#0"},
				"down": {"uv": [15.11111, 15.22222, 16, 16], "texture": "#0"}
			}
		},
		{
			"name": "redcloth1",
			"from": [1.5, 5, 1],
			"to": [14.5, 10, 15],
			"rotation": {"angle": 0, "axis": "y", "origin": [8.125, 7.08154, 13.25]},
			"faces": {
				"north": {"uv": [0, 6.66667, 0.44444, 7], "texture": "#0"},
				"east": {"uv": [0, 6.66667, 0.44444, 7], "texture": "#0"},
				"south": {"uv": [0, 6.66667, 0.44444, 7], "texture": "#0"},
				"west": {"uv": [0, 6.66667, 0.44444, 7], "texture": "#0"},
				"up": {"uv": [0, 6.66667, 0.44444, 7], "texture": "#0"},
				"down": {"uv": [0, 6.66667, 0.44444, 7], "texture": "#0"}
			}
		},
		{
			"name": "redcloth2",
			"from": [2, 0.41208, 3.18113],
			"to": [13, 10.41208, 15.18113],
			"rotation": {"angle": 45, "axis": "x", "origin": [8.125, 7.08154, 13.25]},
			"faces": {
				"north": {"uv": [0, 7.55556, 0.33333, 7.88889], "texture": "#0"},
				"east": {"uv": [0, 7.55556, 0.33333, 7.88889], "texture": "#0"},
				"south": {"uv": [0, 7.55556, 0.33333, 7.88889], "texture": "#0"},
				"west": {"uv": [0, 7.55556, 0.33333, 7.88889], "texture": "#0"},
				"up": {"uv": [0, 7.55556, 0.33333, 7.88889], "texture": "#0"},
				"down": {"uv": [0, 7.55556, 0.33333, 7.88889], "texture": "#0"}
			}
		},
		{
			"name": "redcloth3",
			"from": [1, 6.53349, 12.68129],
			"to": [11, 15.53349, 18.68129],
			"rotation": {"angle": -22.5, "axis": "x", "origin": [8.125, 7.08154, 13.25]},
			"faces": {
				"north": {"uv": [0, 7.22222, 0.22222, 7.66667], "rotation": 90, "texture": "#0"},
				"east": {"uv": [0, 7.22222, 0.22222, 7.66667], "rotation": 90, "texture": "#0"},
				"south": {"uv": [0, 7.22222, 0.22222, 7.66667], "rotation": 90, "texture": "#0"},
				"west": {"uv": [0, 7.22222, 0.22222, 7.66667], "rotation": 90, "texture": "#0"},
				"up": {"uv": [0, 7.22222, 0.22222, 7.66667], "rotation": 90, "texture": "#0"},
				"down": {"uv": [0, 7.22222, 0.22222, 7.66667], "rotation": 90, "texture": "#0"}
			}
		},
		{
			"name": "whiteball",
			"from": [0.75, 6.47723, 17.94023],
			"to": [5.75, 11.47723, 22.94023],
			"rotation": {"angle": -22.5, "axis": "y", "origin": [8.125, 7.08154, 13.25]},
			"faces": {
				"north": {"uv": [14.33333, 15.55556, 14.66667, 15.88889], "rotation": 90, "texture": "#0"},
				"east": {"uv": [14.33333, 15.55556, 14.66667, 15.88889], "rotation": 90, "texture": "#0"},
				"south": {"uv": [14.33333, 15.55556, 14.66667, 15.88889], "rotation": 90, "texture": "#0"},
				"west": {"uv": [14.33333, 15.55556, 14.66667, 15.88889], "rotation": 90, "texture": "#0"},
				"up": {"uv": [14.33333, 15.55556, 14.66667, 15.88889], "rotation": 90, "texture": "#0"},
				"down": {"uv": [14.33333, 15.55556, 14.66667, 15.88889], "rotation": 90, "texture": "#0"}
			}
		}
	],
	"display": {
		"thirdperson_righthand": {
			"rotation": [90, 0, 0],
			"translation": [-6, -2, 11.75],
			"scale": [0.5, 0.5, 0.5]
		},
		"thirdperson_lefthand": {
			"rotation": [75, -145, 0],
			"translation": [0, 2, 0.25],
			"scale": [0.25, 0.25, 0.25]
		},
		"firstperson_righthand": {
			"rotation": [-15, -4, 0],
			"translation": [3.5, 0, -4.5],
			"scale": [0.5, 0.5, 0.5]
		},
		"firstperson_lefthand": {
			"rotation": [-15, 4, 0],
			"translation": [3.5, 0, -4.5],
			"scale": [0.5, 0.5, 0.5]
		},
		"ground": {
			"scale": [0.4, 0.4, 0.4]
		},
		"gui": {
			"rotation": [30, 45, 0],
			"translation": [0, 0.75, 0],
			"scale": [0.55, 0.55, 0.55]
		},
		"head": {
			"rotation": [19.75, 0, 0],
			"translation": [0, 8.75, 2.75],
			"scale": [1.13, 1.13, 1.13]
		},
		"fixed": {
			"rotation": [0, 90, 0],
			"scale": [0.5, 0.5, 0.5]
		}
	}
}