{
	"credit": "Made with Blockbench",
	"textures": {
		"0": "item/carved_pumpkin/spacesuit",
		"particle": "item/carved_pumpkin/spacesuit"
	},
	"elements": [
		{
			"from": [3, 0, 3],
			"to": [13, 2, 13],
			"faces": {
				"north": {"uv": [1, 12, 15, 14], "texture": "#0"},
				"east": {"uv": [1, 13, 15, 16], "texture": "#0"},
				"south": {"uv": [1, 12, 11, 14], "texture": "#0"},
				"west": {"uv": [1, 12, 11, 14], "texture": "#0"},
				"up": {"uv": [1, 12, 14, 14], "texture": "#0"},
				"down": {"uv": [1, 12, 15, 14], "texture": "#0"}
			}
		},
		{
			"from": [2, 2, 2],
			"to": [14, 12, 14],
			"faces": {
				"north": {"uv": [0, 0, 16, 12], "texture": "#0"},
				"east": {"uv": [0, 0, 16, 12], "texture": "#0"},
				"south": {"uv": [0, 0, 16, 12], "texture": "#0"},
				"west": {"uv": [0, 0, 16, 12], "texture": "#0"},
				"up": {"uv": [0, 0, 16, 12], "texture": "#0"},
				"down": {"uv": [0, 0, 16, 12], "texture": "#0"}
			}
		}
	],
	"display": {
		"thirdperson_righthand": {
			"rotation": [90, 0, 0],
			"translation": [-6, -2, 13.25],
			"scale": [0.75, 0.75, 0.75]
		},
		"ground": {
			"translation": [0, 3, 0]
		},
		"gui": {
			"rotation": [0, -90, 0]
		},
		"head": {
			"rotation": [0, 92, 0],
			"translation": [0, 2.75, 0],
			"scale": [1.42, 1.3, 1.45]
		},
		"fixed": {
			"rotation": [0, 90, 0]
		}
	}
}