{
	"credit": "Made with Blockbench",
	"parent": "block/carved_pumpkin",
	"textures": {
		"0": "block/sand",
		"1": "item/diamond_shovel",
		"2": "item/carved_pumpkin/colorwheel",
		"particle": "block/sand"
	},
	"elements": [
		{
			"name": "Sand",
			"from": [2, -0.5, 2],
			"to": [14, 1, 14],
			"faces": {
				"north": {"uv": [2, 13, 14, 14], "texture": "#0"},
				"east": {"uv": [2, 13, 14, 14], "texture": "#0"},
				"south": {"uv": [2, 13, 14, 14], "texture": "#0"},
				"west": {"uv": [2, 13, 14, 14], "texture": "#0"},
				"up": {"uv": [2, 2, 14, 14], "texture": "#0"}
			}
		},
		{
			"name": "Sand",
			"from": [4, 1, 4],
			"to": [12, 2, 12],
			"faces": {
				"north": {"uv": [4, 11, 12, 12], "texture": "#0"},
				"east": {"uv": [4, 11, 12, 12], "texture": "#0"},
				"south": {"uv": [4, 11, 12, 12], "texture": "#0"},
				"west": {"uv": [4, 11, 12, 12], "texture": "#0"},
				"up": {"uv": [4, 4, 12, 12], "texture": "#0"}
			}
		},
		{
			"name": "Sand",
			"from": [4, 1, 3],
			"to": [7, 2, 4],
			"faces": {
				"north": {"uv": [7, 11, 4, 12], "texture": "#0"},
				"east": {"uv": [4, 11, 5, 12], "texture": "#0"},
				"south": {"uv": [4, 11, 12, 12], "texture": "#0"},
				"west": {"uv": [4, 11, 5, 12], "texture": "#0"},
				"up": {"uv": [9, 11, 12, 12], "texture": "#0"}
			}
		},
		{
			"name": "Sand",
			"from": [10.5, 1, 2.5],
			"to": [13.5, 2, 4],
			"faces": {
				"north": {"uv": [4, 11, 12, 12], "texture": "#0"},
				"east": {"uv": [4, 11, 5.5, 12], "texture": "#0"},
				"south": {"uv": [4, 11, 5.5, 12], "texture": "#0"},
				"west": {"uv": [5.5, 11, 4, 12], "texture": "#0"},
				"up": {"uv": [5, 6, 8, 7.5], "texture": "#0"}
			}
		},
		{
			"name": "Sand",
			"from": [12, 1, 4],
			"to": [13, 2, 7],
			"rotation": {"angle": 0, "axis": "y", "origin": [5.5, 1.5, 3.5]},
			"faces": {
				"north": {"uv": [4, 11, 12, 12], "texture": "#0"},
				"east": {"uv": [4, 4, 5, 7], "rotation": 90, "texture": "#0"},
				"south": {"uv": [4, 11, 12, 12], "texture": "#0"},
				"west": {"uv": [4, 11, 12, 12], "texture": "#0"},
				"up": {"uv": [4, 4, 7, 5], "rotation": 90, "texture": "#0"}
			}
		},
		{
			"name": "Sand",
			"from": [12, 1, 7],
			"to": [13.5, 2, 10],
			"rotation": {"angle": 0, "axis": "y", "origin": [5.5, 1.5, 3.5]},
			"faces": {
				"north": {"uv": [4, 11, 12, 12], "texture": "#0"},
				"east": {"uv": [9, 4, 10, 1], "rotation": 90, "texture": "#0"},
				"south": {"uv": [5.5, 11, 4, 12], "texture": "#0"},
				"west": {"uv": [4, 11, 12, 12], "texture": "#0"},
				"up": {"uv": [9, 4, 12, 5.5], "rotation": 90, "texture": "#0"}
			}
		},
		{
			"name": "Sand",
			"from": [12, 1, 11.5],
			"to": [13.5, 2, 13],
			"rotation": {"angle": 0, "axis": "y", "origin": [5.5, 1.5, 3.5]},
			"faces": {
				"north": {"uv": [4, 11, 5.5, 12], "texture": "#0"},
				"east": {"uv": [5.5, 11, 4, 12], "texture": "#0"},
				"south": {"uv": [5.5, 11, 4, 12], "texture": "#0"},
				"west": {"uv": [4, 11, 5.5, 12], "texture": "#0"},
				"up": {"uv": [7, 7, 8.5, 8.5], "rotation": 90, "texture": "#0"}
			}
		},
		{
			"name": "Sand",
			"from": [2.5, 1, 4],
			"to": [4, 2, 5.5],
			"rotation": {"angle": 0, "axis": "y", "origin": [5.5, 1.5, 3.5]},
			"faces": {
				"north": {"uv": [4, 11, 6, 12], "texture": "#0"},
				"east": {"uv": [4, 11, 12, 12], "texture": "#0"},
				"south": {"uv": [4, 11, 6, 12], "texture": "#0"},
				"west": {"uv": [4, 11, 5.5, 12], "texture": "#0"},
				"up": {"uv": [4, 4, 5.5, 5.5], "rotation": 90, "texture": "#0"}
			}
		},
		{
			"name": "Sand",
			"from": [3, 1, 7],
			"to": [4, 2, 11],
			"rotation": {"angle": 0, "axis": "y", "origin": [5.5, 1.5, 3.5]},
			"faces": {
				"north": {"uv": [4, 11, 5, 12], "texture": "#0"},
				"east": {"uv": [4, 11, 12, 12], "texture": "#0"},
				"south": {"uv": [4, 11, 5, 12], "texture": "#0"},
				"west": {"uv": [4, 11, 8, 12], "texture": "#0"},
				"up": {"uv": [4, 4, 8, 5], "rotation": 90, "texture": "#0"}
			}
		},
		{
			"name": "Sand",
			"from": [5.5, 1, 12],
			"to": [9, 2, 13.5],
			"rotation": {"angle": 0, "axis": "y", "origin": [5.5, 1.5, 3.5]},
			"faces": {
				"north": {"uv": [4, 11, 12, 12], "texture": "#0"},
				"east": {"uv": [4, 11, 5.5, 12], "texture": "#0"},
				"south": {"uv": [7.5, 11, 4, 12], "texture": "#0"},
				"west": {"uv": [4, 11, 6, 12], "texture": "#0"},
				"up": {"uv": [8.5, 6, 10, 9.5], "rotation": 90, "texture": "#0"}
			}
		},
		{
			"name": "Sand",
			"from": [4, 1, 4],
			"to": [12, 2, 12],
			"faces": {
				"north": {"uv": [4, 11, 12, 12], "texture": "#0"},
				"east": {"uv": [4, 11, 12, 12], "texture": "#0"},
				"south": {"uv": [4, 11, 12, 12], "texture": "#0"},
				"west": {"uv": [4, 11, 12, 12], "texture": "#0"},
				"up": {"uv": [4, 4, 12, 12], "texture": "#0"}
			}
		},
		{
			"name": "Sand",
			"from": [4, 1, 3],
			"to": [7, 2, 4],
			"faces": {
				"north": {"uv": [7, 11, 4, 12], "texture": "#0"},
				"east": {"uv": [4, 11, 5, 12], "texture": "#0"},
				"south": {"uv": [4, 11, 12, 12], "texture": "#0"},
				"west": {"uv": [4, 11, 5, 12], "texture": "#0"},
				"up": {"uv": [9, 11, 12, 12], "texture": "#0"}
			}
		},
		{
			"name": "Sand",
			"from": [6, -0.5, 1],
			"to": [11, 1, 2],
			"faces": {
				"north": {"uv": [7, 12, 12, 13], "texture": "#0"},
				"east": {"uv": [4, 11, 5, 12], "texture": "#0"},
				"south": {"uv": [4, 11, 12, 12], "texture": "#0"},
				"west": {"uv": [4, 11, 5, 12], "texture": "#0"},
				"up": {"uv": [7, 12, 12, 13], "texture": "#0"}
			}
		},
		{
			"name": "Sand",
			"from": [1, -0.5, 1],
			"to": [2, 1, 4],
			"rotation": {"angle": 0, "axis": "y", "origin": [0, 0.5, 1.5]},
			"faces": {
				"north": {"uv": [4, 11, 5, 12], "texture": "#0"},
				"east": {"uv": [4, 11, 12, 12], "texture": "#0"},
				"south": {"uv": [4, 11, 5, 12], "texture": "#0"},
				"west": {"uv": [4, 2, 4.5, 5], "rotation": 270, "texture": "#0"},
				"up": {"uv": [4, 4, 7, 5], "rotation": 270, "texture": "#0"}
			}
		},
		{
			"name": "Sand",
			"from": [12, 1, 4],
			"to": [13, 2, 7],
			"rotation": {"angle": 0, "axis": "y", "origin": [5.5, 1.5, 3.5]},
			"faces": {
				"north": {"uv": [4, 11, 12, 12], "texture": "#0"},
				"east": {"uv": [4, 4, 5, 7], "rotation": 90, "texture": "#0"},
				"south": {"uv": [4, 11, 12, 12], "texture": "#0"},
				"west": {"uv": [4, 11, 12, 12], "texture": "#0"},
				"up": {"uv": [4, 4, 7, 5], "rotation": 90, "texture": "#0"}
			}
		},
		{
			"name": "Sand",
			"from": [12, 1, 7],
			"to": [13.5, 2, 10],
			"rotation": {"angle": 0, "axis": "y", "origin": [5.5, 1.5, 3.5]},
			"faces": {
				"north": {"uv": [4, 11, 12, 12], "texture": "#0"},
				"east": {"uv": [9, 4, 10, 1], "rotation": 90, "texture": "#0"},
				"south": {"uv": [5.5, 11, 4, 12], "texture": "#0"},
				"west": {"uv": [4, 11, 12, 12], "texture": "#0"},
				"up": {"uv": [9, 4, 12, 5.5], "rotation": 90, "texture": "#0"}
			}
		},
		{
			"name": "Sand",
			"from": [2.5, 1, 4],
			"to": [4, 2, 5.5],
			"rotation": {"angle": 0, "axis": "y", "origin": [5.5, 1.5, 3.5]},
			"faces": {
				"north": {"uv": [4, 11, 6, 12], "texture": "#0"},
				"east": {"uv": [4, 11, 12, 12], "texture": "#0"},
				"south": {"uv": [4, 11, 6, 12], "texture": "#0"},
				"west": {"uv": [4, 11, 5.5, 12], "texture": "#0"},
				"up": {"uv": [4, 4, 5.5, 5.5], "rotation": 90, "texture": "#0"}
			}
		},
		{
			"name": "Sand",
			"from": [0.5, -0.5, 6.5],
			"to": [2, 1, 10],
			"rotation": {"angle": 0, "axis": "y", "origin": [5.5, 1.5, 4]},
			"faces": {
				"north": {"uv": [6, 11, 4.5, 12], "texture": "#0"},
				"east": {"uv": [4, 11, 12, 12], "texture": "#0"},
				"south": {"uv": [4, 11, 5.5, 12], "texture": "#0"},
				"west": {"uv": [4, 4, 5, 5.5], "rotation": 90, "texture": "#0"},
				"up": {"uv": [4, 4, 7.5, 5.5], "rotation": 90, "texture": "#0"}
			}
		},
		{
			"name": "Sand",
			"from": [14, -0.5, 3.5],
			"to": [15.5, 1, 7],
			"rotation": {"angle": 0, "axis": "y", "origin": [5.5, 1.5, 4]},
			"faces": {
				"north": {"uv": [4, 11, 5.5, 12], "texture": "#0"},
				"east": {"uv": [7.5, 11, 4, 12], "texture": "#0"},
				"south": {"uv": [5.5, 11, 4, 12], "texture": "#0"},
				"west": {"uv": [4, 11, 12, 12], "texture": "#0"},
				"up": {"uv": [4, 4, 7.5, 5.5], "rotation": 90, "texture": "#0"}
			}
		},
		{
			"name": "Sand",
			"from": [14, -0.5, 11],
			"to": [15.5, 1, 14.5],
			"rotation": {"angle": 0, "axis": "y", "origin": [5.5, 1.5, 4]},
			"faces": {
				"north": {"uv": [4, 11, 5.5, 12], "texture": "#0"},
				"east": {"uv": [7.5, 11, 4, 12], "texture": "#0"},
				"south": {"uv": [5.5, 11, 4, 12], "texture": "#0"},
				"west": {"uv": [4, 11, 12, 12], "texture": "#0"},
				"up": {"uv": [6, 6, 9.5, 7.5], "rotation": 90, "texture": "#0"}
			}
		},
		{
			"name": "Sand",
			"from": [12, 1, 11.5],
			"to": [13.5, 2, 13],
			"rotation": {"angle": 0, "axis": "y", "origin": [5.5, 1.5, 3.5]},
			"faces": {
				"north": {"uv": [4, 11, 5.5, 12], "texture": "#0"},
				"east": {"uv": [5.5, 11, 4, 12], "texture": "#0"},
				"south": {"uv": [5.5, 11, 4, 12], "texture": "#0"},
				"west": {"uv": [4, 11, 5.5, 12], "texture": "#0"},
				"up": {"uv": [7, 7, 8.5, 8.5], "rotation": 90, "texture": "#0"}
			}
		},
		{
			"name": "Sand",
			"from": [12.5, -0.5, 14],
			"to": [14, 1, 15.5],
			"rotation": {"angle": 0, "axis": "y", "origin": [5.5, 1.5, 3.5]},
			"faces": {
				"north": {"uv": [4, 11, 12, 12], "texture": "#0"},
				"east": {"uv": [4, 11, 6, 12], "texture": "#0"},
				"south": {"uv": [4, 11, 6, 12], "texture": "#0"},
				"west": {"uv": [4, 11, 12, 12], "texture": "#0"},
				"up": {"uv": [5.5, 6.5, 7, 8], "rotation": 90, "texture": "#0"}
			}
		},
		{
			"name": "Sand",
			"from": [0.5, -0.5, 12.5],
			"to": [2, 1, 14],
			"rotation": {"angle": 0, "axis": "y", "origin": [5.5, 1.5, 3.5]},
			"faces": {
				"north": {"uv": [5.5, 11, 4, 12], "texture": "#0"},
				"east": {"uv": [4, 11, 12, 12], "texture": "#0"},
				"south": {"uv": [3, 4, 2, 2], "rotation": 90, "texture": "#0"},
				"west": {"uv": [3, 4, 2, 2], "rotation": 90, "texture": "#0"},
				"up": {"uv": [3.5, 3.5, 2, 2], "rotation": 90, "texture": "#0"}
			}
		},
		{
			"name": "Sand",
			"from": [3.5, -0.5, 14],
			"to": [6.5, 1, 15],
			"rotation": {"angle": 0, "axis": "y", "origin": [5.5, 1.5, 3.5]},
			"faces": {
				"north": {"uv": [4, 11, 12, 12], "texture": "#0"},
				"east": {"uv": [4, 11, 5, 12], "texture": "#0"},
				"south": {"uv": [4, 11, 7, 12], "texture": "#0"},
				"west": {"uv": [11, 11, 12, 12], "texture": "#0"},
				"up": {"uv": [6, 4, 7, 7], "rotation": 90, "texture": "#0"}
			}
		},
		{
			"name": "Sand",
			"from": [3, 1, 7],
			"to": [4, 2, 11],
			"rotation": {"angle": 0, "axis": "y", "origin": [5.5, 1.5, 3.5]},
			"faces": {
				"north": {"uv": [4, 11, 5, 12], "texture": "#0"},
				"east": {"uv": [4, 11, 12, 12], "texture": "#0"},
				"south": {"uv": [4, 11, 5, 12], "texture": "#0"},
				"west": {"uv": [4, 11, 8, 12], "texture": "#0"},
				"up": {"uv": [4, 4, 8, 5], "rotation": 90, "texture": "#0"}
			}
		},
		{
			"name": "Sand",
			"from": [10.5, 1, 2.5],
			"to": [13.5, 2, 4],
			"faces": {
				"north": {"uv": [4, 11, 12, 12], "texture": "#0"},
				"east": {"uv": [4, 11, 5.5, 12], "texture": "#0"},
				"south": {"uv": [4, 11, 5.5, 12], "texture": "#0"},
				"west": {"uv": [5.5, 11, 4, 12], "texture": "#0"},
				"up": {"uv": [5, 6, 8, 7.5], "texture": "#0"}
			}
		},
		{
			"from": [-4, -2.5, 8],
			"to": [12, 13.5, 8],
			"faces": {
				"north": {"uv": [16, 16, 0, 0], "texture": "#1"},
				"east": {"uv": [0, 0, 0, 16], "texture": "#missing"},
				"south": {"uv": [0, 16, 16, 0], "texture": "#1"},
				"west": {"uv": [0, 0, 0, 16], "texture": "#missing"},
				"up": {"uv": [0, 0, 16, 0], "texture": "#missing"},
				"down": {"uv": [0, 0, 16, 0], "texture": "#missing"}
			}
		},
		{
			"from": [-4, -2.5, 8.5],
			"to": [12, 13.5, 8.5],
			"faces": {
				"north": {"uv": [16, 16, 0, 0], "texture": "#1"},
				"east": {"uv": [0, 0, 0, 16], "texture": "#missing"},
				"south": {"uv": [0, 16, 16, 0], "texture": "#1"},
				"west": {"uv": [0, 0, 0, 16], "texture": "#missing"},
				"up": {"uv": [0, 0, 16, 0], "texture": "#missing"},
				"down": {"uv": [0, 0, 16, 0], "texture": "#missing"}
			}
		},
		{
			"from": [-4, -2.5, 8.2],
			"to": [12, 13.5, 8.2],
			"faces": {
				"north": {"uv": [16, 16, 0, 0], "texture": "#1"},
				"east": {"uv": [0, 0, 0, 16], "texture": "#missing"},
				"south": {"uv": [0, 16, 16, 0], "texture": "#1"},
				"west": {"uv": [0, 0, 0, 16], "texture": "#missing"},
				"up": {"uv": [0, 0, 16, 0], "texture": "#missing"},
				"down": {"uv": [0, 0, 16, 0], "texture": "#missing"}
			}
		},
		{
			"from": [-4, -2.5, 7.8],
			"to": [12, 13.5, 7.8],
			"faces": {
				"north": {"uv": [16, 16, 0, 0], "texture": "#1"},
				"east": {"uv": [0, 0, 0, 16], "texture": "#missing"},
				"south": {"uv": [0, 16, 16, 0], "texture": "#1"},
				"west": {"uv": [0, 0, 0, 16], "texture": "#missing"},
				"up": {"uv": [0, 0, 16, 0], "texture": "#missing"},
				"down": {"uv": [0, 0, 16, 0], "texture": "#missing"}
			}
		},
		{
			"from": [-4, -2.5, 7.5],
			"to": [12, 13.5, 7.5],
			"faces": {
				"north": {"uv": [16, 16, 0, 0], "texture": "#1"},
				"east": {"uv": [0, 0, 0, 16], "texture": "#missing"},
				"south": {"uv": [0, 16, 16, 0], "texture": "#1"},
				"west": {"uv": [0, 0, 0, 16], "texture": "#missing"},
				"up": {"uv": [0, 0, 16, 0], "texture": "#missing"},
				"down": {"uv": [0, 0, 16, 0], "texture": "#missing"}
			}
		},
		{
			"from": [-4, -2.5, 7.65],
			"to": [12, 13.5, 7.65],
			"faces": {
				"north": {"uv": [16, 16, 0, 0], "texture": "#1"},
				"east": {"uv": [0, 0, 0, 16], "texture": "#missing"},
				"south": {"uv": [0, 16, 16, 0], "texture": "#1"},
				"west": {"uv": [0, 0, 0, 16], "texture": "#missing"},
				"up": {"uv": [0, 0, 16, 0], "texture": "#missing"},
				"down": {"uv": [0, 0, 16, 0], "texture": "#missing"}
			}
		},
		{
			"from": [-4, -2.5, 8.35],
			"to": [12, 13.5, 8.35],
			"faces": {
				"north": {"uv": [16, 16, 0, 0], "texture": "#1"},
				"east": {"uv": [0, 0, 0, 16], "texture": "#missing"},
				"south": {"uv": [0, 16, 16, 0], "texture": "#1"},
				"west": {"uv": [0, 0, 0, 16], "texture": "#missing"},
				"up": {"uv": [0, 0, 16, 0], "texture": "#missing"},
				"down": {"uv": [0, 0, 16, 0], "texture": "#missing"}
			}
		},
		{
			"from": [-4, -2.5, 8.075],
			"to": [12, 13.5, 8.075],
			"faces": {
				"north": {"uv": [16, 16, 0, 0], "texture": "#1"},
				"east": {"uv": [0, 0, 0, 16], "texture": "#missing"},
				"south": {"uv": [0, 16, 16, 0], "texture": "#1"},
				"west": {"uv": [0, 0, 0, 16], "texture": "#missing"},
				"up": {"uv": [0, 0, 16, 0], "texture": "#missing"},
				"down": {"uv": [0, 0, 16, 0], "texture": "#missing"}
			}
		},
		{
			"from": [4, 1.15, 6.1],
			"to": [11, 2.15, 7.1],
			"rotation": {"angle": 45, "axis": "y", "origin": [9.5, 1.65, 6.6]},
			"faces": {
				"north": {"uv": [0, 8.22222, 0.44444, 8.55556], "texture": "#2"},
				"east": {"uv": [0, 8.22222, 0.44444, 8.55556], "texture": "#2"},
				"south": {"uv": [0, 8.22222, 0.44444, 8.55556], "texture": "#2"},
				"west": {"uv": [0, 8.22222, 0.44444, 8.55556], "texture": "#2"},
				"up": {"uv": [0, 8.22222, 0.44444, 8.55556], "texture": "#2"},
				"down": {"uv": [0, 8.22222, 0.44444, 8.55556], "texture": "#2"}
			}
		},
		{
			"from": [4.58579, 1.15, 7.51421],
			"to": [11.58579, 2.15, 8.51421],
			"rotation": {"angle": -45, "axis": "y", "origin": [8.08579, 1.65, 8.01421]},
			"faces": {
				"north": {"uv": [0, 8.22222, 0.44444, 8.55556], "texture": "#2"},
				"east": {"uv": [0, 8.22222, 0.44444, 8.55556], "texture": "#2"},
				"south": {"uv": [0, 8.22222, 0.44444, 8.55556], "texture": "#2"},
				"west": {"uv": [0, 8.22222, 0.44444, 8.55556], "texture": "#2"},
				"up": {"uv": [0, 8.22222, 0.44444, 8.55556], "texture": "#2"},
				"down": {"uv": [0, 8.22222, 0.44444, 8.55556], "texture": "#2"}
			}
		}
	],
	"display": {
		"thirdperson_righthand": {
			"rotation": [90, 0, 0],
			"translation": [-6, -2, 12.25],
			"scale": [0.6, 0.6, 0.6]
		},
		"thirdperson_lefthand": {
			"rotation": [75, 45, 0],
			"translation": [0, 2.5, 1.5],
			"scale": [0.375, 0.375, 0.375]
		},
		"firstperson_righthand": {
			"rotation": [0, 45, 0],
			"translation": [2.75, 4, 0],
			"scale": [0.5, 0.5, 0.5]
		},
		"firstperson_lefthand": {
			"rotation": [0, 45, 0],
			"translation": [2.75, 4, 0],
			"scale": [0.5, 0.5, 0.5]
		},
		"ground": {
			"translation": [0, 0.75, 0],
			"scale": [0.5, 0.5, 0.5]
		},
		"gui": {
			"rotation": [30, 225, 0],
			"translation": [0, 1.5, 0],
			"scale": [0.73, 0.73, 0.73]
		},
		"head": {
			"translation": [0, 14, 0.5],
			"scale": [0.9, 0.9, 0.9]
		},
		"fixed": {
			"rotation": [-90, 0, 0],
			"translation": [0, 0, -7]
		}
	},
	"groups": [
		{
			"name": "sand_pile",
			"origin": [8, 8, 8],
			"color": 0,
			"children": [0, 1, 2, 3, 4, 5, 6, 7, 8, 9, 10, 11, 12, 13, 14, 15, 16, 17, 18, 19, 20, 21, 22, 23, 24, 25]
		},
		{
			"name": "shovel",
			"origin": [8, 8, 8],
			"color": 0,
			"children": [26, 27, 28, 29, 30, 31, 32, 33]
		},
		34,
		35
	]
}